{"r_squared": 0.05784260196087976, "rmse": 6699.262005158307}